Age,GrLivArea,LotFrontage,LotArea,GarageArea,Fence,Pool
5.0,1710.0,65.0,8450.0,548.0,False,False
31.0,1262.0,80.0,9600.0,460.0,False,False
7.0,1786.0,68.0,11250.0,608.0,False,False
8.0,2198.0,84.0,14260.0,836.0,False,False
16.0,1362.0,85.0,14115.0,480.0,True,False
3.0,1694.0,75.0,10084.0,636.0,False,False
36.0,2090.0,,10382.0,484.0,False,False
69.0,1077.0,50.0,7420.0,205.0,False,False
43.0,1040.0,70.0,11200.0,384.0,False,False
1.0,2324.0,85.0,11924.0,736.0,False,False
46.0,912.0,,12968.0,352.0,False,False
1.0,1494.0,91.0,10652.0,840.0,False,False
48.0,1253.0,,10920.0,352.0,True,False
78.0,854.0,51.0,6120.0,576.0,True,False
40.0,1004.0,,11241.0,480.0,False,False
39.0,1296.0,72.0,10791.0,516.0,False,False
4.0,1114.0,66.0,13695.0,576.0,False,False
1.0,2376.0,101.0,14215.0,853.0,False,False
77.0,1108.0,57.0,7449.0,280.0,True,False
6.0,1795.0,75.0,9742.0,534.0,False,False
31.0,1060.0,44.0,4224.0,572.0,False,False
42.0,1060.0,,8246.0,270.0,True,False
2.0,1600.0,110.0,14230.0,890.0,False,False
59.0,900.0,60.0,7200.0,576.0,False,False
3.0,1704.0,98.0,11478.0,772.0,False,False
49.0,1600.0,47.0,16321.0,319.0,False,False
81.0,520.0,60.0,6324.0,240.0,False,False
42.0,1228.0,,8544.0,271.0,True,False
1.0,1234.0,85.0,11049.0,484.0,False,False
51.0,1700.0,70.0,10552.0,447.0,False,False
2.0,1561.0,60.0,7313.0,556.0,False,False
2.0,2452.0,108.0,13418.0,691.0,False,False
15.0,1097.0,112.0,10859.0,672.0,False,False
55.0,1297.0,74.0,8532.0,498.0,False,False
53.0,1152.0,65.0,6040.0,0.0,False,False
48.0,1328.0,115.0,16905.0,308.0,False,False
24.0,884.0,,9180.0,504.0,True,False
33.0,938.0,,9200.0,308.0,True,False
47.0,1150.0,70.0,7945.0,300.0,False,False
5.0,1752.0,61.0,7658.0,576.0,False,False
1.0,1656.0,84.0,11096.0,826.0,False,False
89.0,1452.0,33.0,4456.0,0.0,False,False
41.0,955.0,66.0,7742.0,386.0,True,False
10.0,1470.0,,13869.0,388.0,False,False
72.0,1176.0,52.0,6240.0,528.0,True,False
47.0,816.0,110.0,8472.0,516.0,False,False
25.0,1842.0,68.0,50271.0,894.0,False,False
52.0,1360.0,60.0,7134.0,572.0,True,False
44.0,1425.0,100.0,10175.0,576.0,False,False
2.0,1720.0,89.0,11645.0,565.0,False,False
0.0,2945.0,66.0,13682.0,641.0,False,False
36.0,780.0,60.0,7200.0,352.0,True,False
2.0,1158.0,63.0,13072.0,576.0,False,False
87.0,1111.0,60.0,7200.0,288.0,False,False
1.0,1370.0,44.0,6442.0,484.0,False,False
89.0,1710.0,50.0,10300.0,480.0,True,False
12.0,2034.0,,9375.0,645.0,True,False
3.0,2473.0,76.0,9591.0,852.0,False,False
40.0,2207.0,,19900.0,576.0,False,False
4.0,1479.0,72.0,10665.0,558.0,False,False
65.0,747.0,47.0,4608.0,220.0,False,False
53.0,2287.0,81.0,15593.0,667.0,False,False
34.0,2223.0,95.0,13651.0,516.0,False,False
25.0,845.0,69.0,7599.0,360.0,False,False
11.0,1718.0,74.0,10141.0,427.0,False,False
56.0,1086.0,85.0,10200.0,490.0,True,False
95.0,1605.0,60.0,5790.0,379.0,False,False
36.0,988.0,21.0,1596.0,297.0,True,False
52.0,952.0,,8475.0,283.0,False,False
60.0,1285.0,50.0,8635.0,240.0,True,False
42.0,1768.0,72.0,10778.0,0.0,False,False
99.0,1230.0,60.0,10440.0,440.0,True,False
41.0,2142.0,100.0,13000.0,509.0,False,False
8.0,1337.0,32.0,4500.0,405.0,False,False
1.0,1563.0,78.0,10206.0,758.0,False,False
47.0,1065.0,80.0,8892.0,461.0,False,False
14.0,1474.0,,8530.0,400.0,False,False
15.0,2417.0,121.0,16059.0,462.0,False,False
4.0,1560.0,122.0,11911.0,400.0,False,False
0.0,1224.0,40.0,3951.0,528.0,False,False
13.0,990.0,60.0,8070.0,0.0,False,False
56.0,1040.0,60.0,7200.0,420.0,False,False
88.0,964.0,80.0,13360.0,432.0,False,False
10.0,1786.0,69.0,9337.0,684.0,False,False
16.0,1470.0,,9765.0,420.0,False,False
7.0,1588.0,78.0,10264.0,472.0,False,False
42.0,960.0,73.0,10921.0,432.0,False,False
51.0,1225.0,77.0,9320.0,0.0,False,False
33.0,1610.0,,10603.0,480.0,False,False
25.0,1732.0,77.0,9206.0,476.0,False,False
30.0,1535.0,64.0,7018.0,410.0,False,False
1.0,1226.0,94.0,10402.0,740.0,False,False
76.0,1818.0,,7758.0,240.0,False,False
5.0,1992.0,75.0,9375.0,648.0,False,False
122.0,1047.0,60.0,10800.0,273.0,False,False
60.0,789.0,50.0,6000.0,250.0,False,False
88.0,1517.0,85.0,8500.0,0.0,False,False
33.0,1844.0,105.0,11751.0,546.0,True,False
52.0,1855.0,75.0,9525.0,325.0,False,False
10.0,1430.0,,7750.0,400.0,False,False
0.0,2696.0,77.0,9965.0,792.0,False,False
62.0,2320.0,61.0,7259.0,180.0,True,False
8.0,1458.0,34.0,3230.0,440.0,False,False
47.0,1092.0,,11616.0,288.0,False,False
1.0,1125.0,74.0,8536.0,430.0,False,False
20.0,3222.0,90.0,12376.0,594.0,False,False
1.0,1456.0,65.0,8461.0,390.0,False,False
37.0,988.0,,21453.0,540.0,False,False
68.0,1123.0,50.0,6060.0,264.0,True,False
50.0,1080.0,75.0,9464.0,288.0,False,False
15.0,1199.0,55.0,7892.0,530.0,False,False
30.0,1586.0,48.0,17043.0,435.0,False,False
71.0,754.0,60.0,6780.0,0.0,False,False
31.0,958.0,,4928.0,440.0,False,False
77.0,840.0,55.0,4388.0,0.0,False,False
40.0,1348.0,69.0,7590.0,453.0,False,False
40.0,2157.0,88.0,14200.0,487.0,True,False
9.0,2054.0,,12224.0,390.0,False,False
48.0,1327.0,75.0,7388.0,624.0,False,False
8.0,1296.0,,6853.0,471.0,False,False
38.0,1721.0,78.0,10335.0,440.0,True,False
38.0,1682.0,80.0,10400.0,530.0,True,False
40.0,1214.0,,10355.0,318.0,False,False
9.0,1852.0,73.0,9066.0,660.0,True,False
12.0,1764.0,65.0,15426.0,470.0,True,False
39.0,864.0,70.0,10500.0,0.0,False,False
1.0,1734.0,78.0,11645.0,660.0,False,False
58.0,1385.0,71.0,8520.0,720.0,True,False
10.0,1501.0,78.0,10335.0,577.0,False,False
2.0,1709.0,24.0,2522.0,380.0,False,False
78.0,875.0,51.0,6120.0,180.0,False,False
9.0,2035.0,,9505.0,434.0,False,False
4.0,1080.0,63.0,7500.0,0.0,False,False
70.0,1344.0,,6240.0,240.0,False,False
32.0,969.0,120.0,10356.0,440.0,True,False
1.0,1710.0,107.0,13891.0,866.0,False,False
35.0,1993.0,,14803.0,495.0,True,False
48.0,1252.0,,13500.0,564.0,False,False
84.0,1096.0,60.0,9600.0,0.0,False,False
56.0,1040.0,60.0,7200.0,625.0,False,False
1.0,1968.0,92.0,12003.0,680.0,False,False
6.0,1947.0,100.0,12552.0,678.0,True,False
1.0,2462.0,134.0,19378.0,576.0,False,False
24.0,1232.0,,11120.0,516.0,False,False
5.0,2668.0,110.0,13688.0,726.0,False,False
5.0,1541.0,95.0,12182.0,532.0,False,False
51.0,882.0,55.0,5500.0,0.0,True,False
81.0,1616.0,40.0,5400.0,216.0,False,False
68.0,1355.0,62.0,10106.0,0.0,False,False
54.0,1867.0,,10708.0,303.0,True,False
0.0,2161.0,86.0,10562.0,789.0,False,False
3.0,1720.0,62.0,8244.0,440.0,False,False
25.0,1707.0,,16669.0,511.0,False,False
66.0,1382.0,,12358.0,660.0,False,False
50.0,1656.0,141.0,31770.0,528.0,False,False
19.0,1767.0,44.0,5306.0,504.0,False,False
47.0,1362.0,80.0,10197.0,504.0,False,False
22.0,1651.0,47.0,12416.0,616.0,False,False
57.0,2158.0,84.0,12615.0,576.0,True,False
19.0,2060.0,97.0,10029.0,521.0,False,False
48.0,1920.0,,13650.0,451.0,False,False
1.0,2234.0,63.0,17423.0,1166.0,False,False
84.0,968.0,60.0,8520.0,480.0,False,False
7.0,1525.0,,2117.0,440.0,False,False
86.0,1802.0,54.0,7588.0,216.0,False,False
50.0,1340.0,60.0,9060.0,252.0,True,False
5.0,2082.0,63.0,11426.0,484.0,False,False
98.0,1252.0,92.0,7438.0,576.0,True,False
114.0,3608.0,90.0,22950.0,840.0,True,False
19.0,1217.0,,9947.0,497.0,True,False
93.0,1656.0,60.0,10410.0,180.0,True,False
30.0,1224.0,64.0,7018.0,528.0,False,False
7.0,1593.0,41.0,4923.0,682.0,False,False
75.0,2727.0,70.0,10570.0,440.0,False,False
35.0,1479.0,,7472.0,484.0,False,False
10.0,1431.0,68.0,9017.0,666.0,False,False
2.0,1709.0,24.0,2522.0,380.0,False,False
36.0,864.0,60.0,7180.0,352.0,False,False
33.0,1456.0,24.0,2280.0,440.0,False,False
0.0,1726.0,79.0,9416.0,786.0,False,False
5.0,1713.0,76.0,9591.0,856.0,False,False
7.0,1121.0,80.0,8546.0,440.0,False,False
31.0,1279.0,75.0,10125.0,473.0,True,False
82.0,1310.0,50.0,7000.0,398.0,False,False
4.0,848.0,,4438.0,420.0,False,False
62.0,1284.0,50.0,3500.0,240.0,True,False
19.0,1442.0,99.0,11851.0,500.0,False,False
45.0,1696.0,40.0,13673.0,349.0,False,False
48.0,1100.0,,12493.0,312.0,True,False
19.0,2062.0,,14364.0,454.0,False,False
44.0,1092.0,75.0,8250.0,504.0,True,False
83.0,864.0,67.0,5604.0,0.0,False,False
1.0,1212.0,83.0,10420.0,460.0,False,False
0.0,1852.0,72.0,8640.0,644.0,False,False
11.0,990.0,43.0,13568.0,576.0,False,False
33.0,1392.0,,10900.0,299.0,True,False
49.0,1236.0,72.0,10011.0,447.0,True,False
4.0,1436.0,65.0,8450.0,484.0,False,False
69.0,1954.0,,15660.0,431.0,False,False
1.0,1248.0,43.0,3010.0,438.0,False,False
0.0,1498.0,73.0,8990.0,675.0,False,False
7.0,2267.0,,8068.0,390.0,False,False
31.0,1552.0,85.0,11475.0,434.0,True,False
6.0,2392.0,103.0,13472.0,968.0,False,False
38.0,987.0,21.0,1869.0,280.0,False,False
43.0,912.0,70.0,8521.0,336.0,True,False
4.0,1555.0,43.0,3182.0,430.0,False,False
51.0,1194.0,73.0,8760.0,312.0,False,False
14.0,2794.0,174.0,15138.0,810.0,False,False
34.0,987.0,21.0,1680.0,288.0,False,False
34.0,894.0,75.0,10650.0,308.0,True,False
8.0,1960.0,,7851.0,440.0,False,False
37.0,987.0,21.0,1680.0,264.0,False,False
6.0,1414.0,65.0,8773.0,494.0,False,False
17.0,1744.0,,9453.0,457.0,False,False
0.0,1694.0,93.0,12030.0,818.0,False,False
65.0,1487.0,52.0,8741.0,220.0,True,False
2.0,1566.0,75.0,9000.0,750.0,False,False
62.0,866.0,40.0,3880.0,0.0,False,False
106.0,1440.0,63.0,5000.0,352.0,False,False
29.0,1217.0,75.0,10762.0,288.0,False,False
16.0,2110.0,,8880.0,463.0,False,False
18.0,1872.0,80.0,10400.0,604.0,False,False
96.0,1928.0,69.0,9142.0,440.0,False,False
52.0,1375.0,75.0,11310.0,451.0,False,False
4.0,1668.0,72.0,11317.0,500.0,False,False
49.0,2144.0,,159000.0,389.0,False,False
70.0,1306.0,55.0,5350.0,0.0,True,False
4.0,1640.0,65.0,8366.0,520.0,False,False
43.0,1302.0,85.0,9350.0,309.0,True,False
53.0,1314.0,70.0,8400.0,294.0,False,False
7.0,2291.0,66.0,8738.0,429.0,False,False
5.0,1728.0,64.0,8791.0,673.0,False,False
7.0,1792.0,80.0,12435.0,564.0,False,False
52.0,882.0,70.0,12702.0,308.0,False,False
47.0,1382.0,120.0,19296.0,884.0,True,False
0.0,2574.0,69.0,9588.0,868.0,False,False
29.0,1212.0,88.0,8471.0,492.0,True,False
81.0,1316.0,50.0,5500.0,484.0,False,False
83.0,764.0,30.0,5232.0,504.0,False,False
27.0,1422.0,78.0,12090.0,576.0,True,False
9.0,1511.0,70.0,11207.0,413.0,False,False
69.0,2192.0,60.0,8400.0,240.0,False,False
68.0,778.0,71.0,6900.0,924.0,False,False
31.0,1113.0,,7917.0,504.0,True,False
0.0,1939.0,84.0,10728.0,1053.0,False,False
54.0,1363.0,73.0,39104.0,439.0,False,False
11.0,2270.0,92.0,11764.0,671.0,False,False
51.0,1632.0,80.0,9600.0,338.0,True,False
25.0,816.0,76.0,8314.0,264.0,False,False
84.0,1548.0,55.0,7264.0,672.0,False,False
7.0,1560.0,129.0,9196.0,573.0,False,False
59.0,864.0,140.0,19138.0,400.0,False,False
1.0,2121.0,107.0,14450.0,732.0,False,False
31.0,2022.0,83.0,10005.0,505.0,False,False
18.0,1982.0,82.0,11287.0,575.0,False,False
0.0,1262.0,60.0,7200.0,572.0,False,False
2.0,1314.0,34.0,5063.0,626.0,False,False
1.0,1468.0,74.0,9612.0,898.0,False,False
15.0,1575.0,50.0,8012.0,529.0,False,False
1.0,1250.0,35.0,4251.0,528.0,False,False
44.0,1734.0,77.0,9786.0,440.0,True,False
35.0,858.0,,8125.0,0.0,False,False
43.0,900.0,,9819.0,280.0,True,False
92.0,1396.0,60.0,8730.0,384.0,False,False
0.0,1919.0,120.0,15611.0,685.0,False,False
96.0,1716.0,55.0,5687.0,0.0,False,False
60.0,1716.0,60.0,11409.0,281.0,False,False
29.0,2263.0,,16659.0,539.0,False,False
56.0,1644.0,80.0,9600.0,418.0,False,False
22.0,1003.0,37.0,7937.0,588.0,True,False
57.0,1558.0,75.0,13710.0,282.0,True,False
10.0,1950.0,66.0,7399.0,576.0,False,False
39.0,1743.0,90.0,11700.0,539.0,False,False
53.0,1336.0,90.0,15750.0,375.0,False,False
9.0,2452.0,66.0,16226.0,683.0,False,False
5.0,1541.0,118.0,13704.0,843.0,False,False
128.0,3493.0,87.0,18386.0,870.0,False,False
3.0,2000.0,80.0,10386.0,888.0,False,False
17.0,2243.0,116.0,13474.0,746.0,False,False
88.0,1406.0,,7920.0,0.0,True,False
69.0,861.0,,12342.0,539.0,False,False
3.0,1944.0,90.0,12378.0,708.0,False,False
13.0,1501.0,,7685.0,420.0,False,False
61.0,972.0,50.0,8000.0,240.0,False,False
67.0,1118.0,65.0,7800.0,410.0,True,False
44.0,2036.0,150.0,215245.0,513.0,False,False
81.0,1641.0,60.0,9600.0,546.0,False,False
5.0,1432.0,71.0,7795.0,432.0,False,False
29.0,2353.0,94.0,13005.0,484.0,True,False
1.0,1959.0,75.0,9000.0,1025.0,False,False
16.0,2646.0,90.0,9900.0,656.0,False,False
29.0,1472.0,,14115.0,588.0,False,False
0.0,2596.0,111.0,16259.0,840.0,False,False
3.0,2468.0,99.0,12099.0,872.0,False,False
21.0,2730.0,86.0,10380.0,576.0,True,False
51.0,1163.0,49.0,5820.0,220.0,False,False
43.0,2978.0,96.0,11275.0,564.0,False,False
66.0,803.0,50.0,5000.0,360.0,False,False
15.0,1719.0,32.0,10846.0,473.0,False,False
46.0,1383.0,80.0,11600.0,292.0,False,False
93.0,2134.0,,11888.0,441.0,False,False
89.0,1192.0,60.0,6402.0,189.0,True,False
43.0,1728.0,,10624.0,352.0,False,False
49.0,1056.0,70.0,8176.0,308.0,False,False
6.0,1629.0,85.0,10655.0,880.0,False,False
4.0,1358.0,59.0,8198.0,484.0,False,False
10.0,1638.0,59.0,9042.0,472.0,False,False
43.0,1786.0,,164660.0,529.0,False,False
2.0,1922.0,86.0,14157.0,676.0,False,False
6.0,1536.0,70.0,9135.0,532.0,False,False
22.0,1621.0,91.0,14145.0,440.0,False,False
51.0,1215.0,66.0,12400.0,297.0,False,False
8.0,1908.0,85.0,14191.0,431.0,False,False
59.0,841.0,60.0,8400.0,294.0,False,False
57.0,1040.0,,8544.0,400.0,False,False
3.0,1684.0,63.0,8849.0,564.0,False,False
34.0,1112.0,36.0,2592.0,336.0,False,False
67.0,1577.0,65.0,6435.0,312.0,False,False
47.0,958.0,,12772.0,301.0,False,False
49.0,1478.0,,17600.0,498.0,False,False
5.0,1626.0,36.0,2448.0,474.0,False,False
1.0,2728.0,56.0,20431.0,706.0,False,False
0.0,1869.0,68.0,7820.0,617.0,False,False
67.0,1111.0,60.0,9084.0,200.0,False,False
82.0,720.0,60.0,8520.0,484.0,False,False
66.0,1595.0,60.0,8400.0,240.0,False,False
12.0,1200.0,105.0,11249.0,521.0,False,False
17.0,1167.0,,9248.0,400.0,False,False
31.0,1142.0,44.0,4224.0,528.0,True,False
8.0,1924.0,78.0,12011.0,592.0,False,False
29.0,912.0,,7540.0,470.0,True,False
68.0,1505.0,,9144.0,240.0,False,False
6.0,1922.0,64.0,7301.0,672.0,False,False
37.0,987.0,21.0,1680.0,264.0,False,False
30.0,1574.0,,18800.0,566.0,False,False
89.0,1344.0,59.0,10690.0,468.0,False,False
46.0,1394.0,,9500.0,514.0,False,False
46.0,1431.0,101.0,9150.0,296.0,False,False
56.0,1268.0,78.0,7800.0,244.0,False,False
51.0,1287.0,,9830.0,576.0,False,False
6.0,1664.0,,8121.0,460.0,False,False
49.0,1588.0,80.0,17120.0,680.0,False,False
26.0,752.0,50.0,7175.0,264.0,True,False
56.0,1319.0,79.0,10634.0,270.0,True,False
4.0,1928.0,65.0,8200.0,434.0,False,False
87.0,904.0,,10020.0,0.0,False,False
10.0,914.0,57.0,8846.0,576.0,False,False
3.0,2466.0,102.0,11143.0,610.0,False,False
0.0,1856.0,88.0,11394.0,834.0,False,False
9.0,1800.0,60.0,8123.0,463.0,False,False
86.0,1691.0,50.0,5000.0,308.0,False,False
0.0,1301.0,60.0,7200.0,572.0,False,False
1.0,1797.0,79.0,9245.0,639.0,False,False
81.0,784.0,60.0,9000.0,360.0,False,False
15.0,1953.0,,53107.0,501.0,False,False
6.0,1269.0,43.0,3182.0,430.0,False,False
96.0,1184.0,58.0,8410.0,0.0,False,False
9.0,1479.0,93.0,9382.0,577.0,False,False
1.0,2332.0,96.0,12474.0,846.0,False,False
108.0,1367.0,50.0,8405.0,384.0,True,False
8.0,1961.0,71.0,12209.0,560.0,False,False
48.0,882.0,,8339.0,294.0,True,False
67.0,1034.0,60.0,10134.0,240.0,False,False
54.0,1144.0,68.0,9571.0,596.0,False,False
37.0,894.0,60.0,7200.0,600.0,False,False
45.0,1812.0,69.0,7590.0,264.0,False,False
3.0,1550.0,65.0,8125.0,438.0,False,False
12.0,1288.0,38.0,14963.0,500.0,False,False
1.0,1310.0,65.0,8767.0,400.0,False,False
68.0,672.0,60.0,10200.0,240.0,True,False
12.0,1572.0,,10364.0,373.0,False,False
33.0,1620.0,,9991.0,490.0,True,False
72.0,1639.0,51.0,10480.0,240.0,False,False
93.0,1680.0,63.0,15576.0,308.0,False,False
1.0,2172.0,109.0,14154.0,947.0,False,False
1.0,2078.0,85.0,10800.0,836.0,False,False
51.0,1056.0,100.0,34650.0,572.0,False,False
1.0,1478.0,,4403.0,484.0,False,False
83.0,1028.0,56.0,8960.0,360.0,False,False
15.0,2097.0,59.0,11228.0,678.0,False,False
0.0,1340.0,73.0,8899.0,396.0,False,False
28.0,1400.0,74.0,7844.0,440.0,False,False
89.0,2624.0,86.0,22420.0,864.0,False,False
67.0,1134.0,60.0,8160.0,240.0,False,False
42.0,1056.0,65.0,8450.0,304.0,False,False
11.0,1344.0,78.0,7060.0,784.0,False,False
32.0,1602.0,,16635.0,529.0,False,False
54.0,988.0,100.0,21750.0,520.0,False,False
10.0,2630.0,80.0,9200.0,696.0,False,False
52.0,1196.0,72.0,9000.0,297.0,False,False
63.0,1389.0,60.0,3378.0,240.0,False,False
20.0,1644.0,,12800.0,569.0,False,False
51.0,907.0,77.0,8593.0,352.0,False,False
0.0,1208.0,64.0,6762.0,628.0,False,False
21.0,1412.0,130.0,11457.0,576.0,False,False
36.0,1365.0,24.0,1920.0,440.0,False,False
11.0,1604.0,100.0,10839.0,470.0,False,False
36.0,630.0,21.0,1890.0,0.0,False,False
13.0,1661.0,43.0,10667.0,550.0,False,False
86.0,1118.0,40.0,4400.0,440.0,False,False
83.0,904.0,50.0,6000.0,180.0,False,False
94.0,694.0,40.0,4280.0,352.0,True,False
89.0,1196.0,67.0,12354.0,528.0,True,False
1.0,2402.0,105.0,15431.0,672.0,False,False
53.0,1440.0,92.0,12108.0,0.0,False,False
78.0,1573.0,52.0,6240.0,360.0,False,False
1.0,1258.0,53.0,3922.0,648.0,False,False
14.0,1908.0,70.0,8750.0,493.0,False,False
53.0,1689.0,73.0,9855.0,480.0,True,False
44.0,1888.0,137.0,16492.0,578.0,False,False
8.0,1886.0,,11214.0,431.0,False,False
69.0,1376.0,50.0,8600.0,198.0,False,False
59.0,1183.0,50.0,6000.0,308.0,False,False
76.0,813.0,70.0,5684.0,270.0,False,False
31.0,1533.0,62.0,70761.0,576.0,False,False
11.0,1756.0,,9303.0,422.0,False,False
1.0,1590.0,75.0,9000.0,676.0,False,False
34.0,1242.0,80.0,9600.0,528.0,False,False
54.0,1663.0,,53227.0,529.0,False,False
83.0,1666.0,,5100.0,228.0,True,False
59.0,1203.0,,7015.0,352.0,False,False
0.0,1935.0,75.0,8004.0,552.0,False,False
73.0,1135.0,60.0,7200.0,576.0,True,False
44.0,864.0,60.0,8281.0,360.0,True,False
74.0,1660.0,74.0,11988.0,240.0,False,False
31.0,1040.0,60.0,8430.0,0.0,False,False
2.0,1414.0,,3072.0,398.0,False,False
37.0,1277.0,85.0,10628.0,526.0,True,False
65.0,1644.0,79.0,9480.0,312.0,False,False
1.0,1634.0,98.0,11428.0,866.0,False,False
15.0,1710.0,76.0,9291.0,506.0,False,False
25.0,1502.0,,6820.0,528.0,False,False
30.0,1969.0,92.0,11952.0,534.0,False,False
3.0,1072.0,35.0,3675.0,525.0,False,False
1.0,1976.0,110.0,14977.0,908.0,False,False
7.0,1652.0,41.0,5330.0,499.0,False,False
44.0,970.0,80.0,8480.0,624.0,False,False
11.0,1493.0,75.0,13125.0,508.0,False,False
1.0,2643.0,105.0,13693.0,694.0,False,False
2.0,1718.0,79.0,10637.0,826.0,False,False
70.0,1131.0,50.0,5925.0,672.0,True,False
2.0,1850.0,98.0,16033.0,772.0,False,False
3.0,1792.0,72.0,11846.0,874.0,False,False
94.0,1826.0,50.0,2500.0,164.0,False,False
8.0,1216.0,32.0,4500.0,402.0,False,False
45.0,999.0,,7758.0,264.0,False,False
59.0,1113.0,80.0,9600.0,264.0,False,False
42.0,1073.0,79.0,10289.0,515.0,False,False
36.0,1484.0,70.0,12243.0,487.0,False,False
106.0,2414.0,60.0,10800.0,520.0,False,False
39.0,630.0,21.0,1526.0,286.0,False,False
32.0,1304.0,,2665.0,336.0,False,False
65.0,1578.0,79.0,9490.0,240.0,True,False
0.0,1456.0,105.0,15578.0,429.0,False,False
48.0,1269.0,70.0,7931.0,308.0,False,False
71.0,886.0,50.0,5784.0,273.0,False,False
15.0,3228.0,,12692.0,546.0,False,False
83.0,1820.0,60.0,9120.0,240.0,True,False
42.0,899.0,65.0,7800.0,288.0,True,False
49.0,912.0,70.0,7535.0,297.0,True,False
34.0,1218.0,21.0,1890.0,264.0,False,False
3.0,1768.0,75.0,9803.0,603.0,False,False
42.0,1214.0,70.0,9170.0,461.0,True,False
51.0,1801.0,100.0,15602.0,484.0,True,False
35.0,1322.0,24.0,2308.0,440.0,False,False
57.0,1960.0,60.0,7596.0,400.0,False,False
13.0,1911.0,80.0,9554.0,471.0,False,False
0.0,1218.0,75.0,7862.0,676.0,False,False
80.0,1378.0,60.0,9600.0,360.0,False,False
50.0,1041.0,80.0,9600.0,270.0,True,False
58.0,1363.0,75.0,14559.0,288.0,False,False
1.0,1368.0,40.0,6792.0,474.0,False,False
48.0,864.0,70.0,9100.0,624.0,False,False
24.0,1080.0,71.0,9187.0,484.0,False,False
81.0,789.0,55.0,10594.0,200.0,True,False
0.0,2020.0,94.0,12220.0,900.0,False,False
13.0,2344.0,79.0,10208.0,889.0,False,False
9.0,1796.0,,9531.0,546.0,True,False
83.0,2080.0,53.0,10918.0,282.0,True,False
108.0,1294.0,60.0,10800.0,0.0,False,False
50.0,1244.0,90.0,11988.0,336.0,False,False
59.0,1664.0,50.0,5000.0,420.0,False,False
0.0,4676.0,130.0,40094.0,884.0,False,False
11.0,2398.0,95.0,11787.0,834.0,False,False
1.0,1266.0,62.0,7500.0,453.0,False,False
51.0,928.0,70.0,13300.0,252.0,False,False
0.0,2713.0,67.0,14948.0,858.0,False,False
87.0,605.0,58.0,9098.0,0.0,False,False
50.0,2515.0,,32668.0,484.0,False,False
88.0,1362.0,60.0,6155.0,502.0,False,False
55.0,827.0,60.0,7200.0,392.0,False,False
61.0,334.0,50.0,5000.0,0.0,False,False
2.0,1414.0,74.0,9056.0,403.0,False,False
98.0,1347.0,70.0,7000.0,0.0,False,False
10.0,1724.0,57.0,8924.0,527.0,False,False
36.0,864.0,,12735.0,576.0,True,False
38.0,1159.0,,11553.0,336.0,False,False
9.0,1601.0,,11423.0,670.0,True,False
3.0,1838.0,85.0,14601.0,765.0,False,False
7.0,2285.0,,11000.0,648.0,False,False
11.0,1680.0,78.0,10140.0,583.0,False,False
9.0,767.0,34.0,4058.0,367.0,False,False
0.0,1496.0,58.0,17104.0,426.0,False,False
18.0,2183.0,,13837.0,786.0,False,False
84.0,1635.0,70.0,8737.0,440.0,False,False
37.0,768.0,54.0,7244.0,624.0,False,False
53.0,825.0,49.0,8235.0,720.0,True,False
6.0,2094.0,75.0,9375.0,615.0,False,False
51.0,928.0,50.0,6000.0,288.0,False,False
3.0,1717.0,87.0,11146.0,908.0,False,False
60.0,1126.0,67.0,8777.0,520.0,True,False
5.0,2046.0,85.0,10625.0,871.0,False,False
84.0,1048.0,58.0,6380.0,280.0,False,False
49.0,1092.0,69.0,14850.0,299.0,True,False
12.0,1446.0,57.0,21872.0,406.0,False,False
3.0,1557.0,,3196.0,420.0,False,False
53.0,1392.0,,11341.0,528.0,False,False
32.0,1389.0,77.0,10010.0,418.0,False,False
68.0,996.0,63.0,13907.0,0.0,False,False
90.0,1674.0,66.0,21780.0,396.0,False,False
14.0,2295.0,,13346.0,590.0,False,False
95.0,1647.0,66.0,6858.0,216.0,False,False
3.0,2504.0,77.0,11198.0,656.0,False,False
6.0,1535.0,70.0,10171.0,532.0,False,False
26.0,2132.0,79.0,12327.0,612.0,False,False
27.0,943.0,,7032.0,600.0,False,False
43.0,1728.0,74.0,13101.0,576.0,False,False
0.0,1692.0,83.0,13159.0,650.0,False,False
7.0,1430.0,76.0,9967.0,400.0,False,False
36.0,1109.0,70.0,10500.0,288.0,True,False
81.0,1477.0,52.0,6292.0,216.0,False,False
54.0,1795.0,81.0,12150.0,352.0,False,False
47.0,1429.0,,14585.0,572.0,False,False
1.0,2042.0,98.0,12704.0,1390.0,False,False
17.0,816.0,81.0,11841.0,0.0,False,False
115.0,2775.0,75.0,13500.0,880.0,False,False
74.0,1573.0,51.0,6120.0,240.0,False,False
1.0,2028.0,88.0,11443.0,880.0,False,False
90.0,838.0,55.0,10267.0,275.0,True,False
27.0,860.0,74.0,8740.0,528.0,False,False
41.0,1473.0,65.0,25095.0,452.0,False,False
78.0,935.0,50.0,9100.0,308.0,False,False
4.0,1582.0,64.0,8320.0,520.0,False,False
1.0,2296.0,97.0,13478.0,842.0,False,False
26.0,816.0,60.0,6600.0,816.0,False,False
6.0,848.0,,4435.0,420.0,False,False
33.0,924.0,88.0,7990.0,280.0,True,False
1.0,1826.0,69.0,11302.0,758.0,False,False
96.0,1368.0,60.0,3600.0,216.0,False,False
1.0,1402.0,53.0,3922.0,648.0,False,False
29.0,1647.0,80.0,12984.0,621.0,False,False
28.0,1556.0,24.0,1950.0,452.0,True,False
1.0,1904.0,74.0,10927.0,736.0,False,False
70.0,1375.0,50.0,9000.0,544.0,False,False
6.0,1200.0,30.0,3182.0,480.0,False,False
6.0,1494.0,88.0,12803.0,530.0,False,False
44.0,1986.0,85.0,13600.0,486.0,False,False
13.0,1040.0,82.0,12464.0,576.0,True,False
58.0,2008.0,78.0,7800.0,230.0,False,False
73.0,3194.0,78.0,12168.0,380.0,False,False
46.0,1029.0,61.0,7943.0,261.0,False,False
9.0,2153.0,,11050.0,736.0,False,False
29.0,1032.0,,10395.0,564.0,True,False
8.0,1872.0,,11885.0,531.0,False,False
0.0,1120.0,70.0,8402.0,0.0,False,False
38.0,630.0,21.0,1491.0,0.0,False,False
4.0,1509.0,,7861.0,393.0,False,False
54.0,832.0,59.0,7227.0,528.0,False,False
0.0,1828.0,90.0,11694.0,774.0,False,False
5.0,2262.0,85.0,12244.0,749.0,False,False
94.0,864.0,45.0,8248.0,0.0,False,False
34.0,2614.0,90.0,10800.0,624.0,False,False
32.0,980.0,71.0,7064.0,484.0,False,False
7.0,1512.0,,2117.0,440.0,False,False
34.0,1790.0,80.0,10400.0,484.0,False,False
48.0,1116.0,87.0,10000.0,440.0,False,False
47.0,1422.0,,12342.0,286.0,True,False
55.0,1520.0,80.0,9600.0,364.0,False,False
44.0,1350.0,82.0,9020.0,520.0,True,False
1.0,1554.0,34.0,4590.0,627.0,False,False
53.0,1056.0,80.0,9250.0,260.0,False,False
30.0,1056.0,64.0,6979.0,576.0,True,False
73.0,800.0,51.0,6120.0,0.0,False,False
55.0,1387.0,50.0,6000.0,256.0,False,False
98.0,796.0,67.0,8777.0,0.0,True,False
0.0,1567.0,53.0,3982.0,648.0,False,False
5.0,1518.0,62.0,12677.0,588.0,False,False
6.0,1929.0,,7050.0,650.0,False,False
37.0,2704.0,75.0,13860.0,538.0,True,False
38.0,1620.0,80.0,10793.0,462.0,True,False
0.0,1766.0,85.0,9187.0,478.0,False,False
36.0,981.0,,10530.0,576.0,False,False
58.0,1048.0,60.0,7200.0,420.0,False,False
55.0,1094.0,85.0,10452.0,495.0,False,False
44.0,1839.0,70.0,7700.0,442.0,False,False
37.0,630.0,21.0,1936.0,0.0,True,False
1.0,1665.0,65.0,8125.0,562.0,False,False
69.0,1510.0,60.0,9084.0,296.0,True,False
13.0,1716.0,70.0,8750.0,512.0,False,False
102.0,1469.0,60.0,10320.0,216.0,True,False
13.0,2113.0,91.0,10437.0,839.0,False,False
49.0,1053.0,72.0,10007.0,312.0,True,False
77.0,1502.0,60.0,7200.0,270.0,True,False
45.0,1486.0,75.0,9937.0,480.0,True,False
31.0,1935.0,,12384.0,550.0,False,False
15.0,2448.0,52.0,46589.0,711.0,False,False
41.0,1392.0,120.0,13560.0,576.0,False,False
36.0,1181.0,90.0,10012.0,588.0,True,False
1.0,2097.0,49.0,20896.0,1134.0,False,False
6.0,1936.0,106.0,11194.0,504.0,False,False
14.0,1679.0,65.0,8125.0,575.0,False,False
50.0,1437.0,,14175.0,576.0,False,False
84.0,1180.0,80.0,11600.0,252.0,False,False
4.0,1476.0,64.0,8633.0,540.0,False,False
84.0,1369.0,54.0,6629.0,300.0,False,False
29.0,1208.0,,11250.0,546.0,False,False
50.0,1839.0,110.0,14442.0,416.0,False,False
43.0,1136.0,80.0,9200.0,384.0,False,False
31.0,1441.0,24.0,2289.0,440.0,False,False
106.0,1774.0,60.0,9600.0,779.0,False,False
85.0,792.0,52.0,9022.0,240.0,False,False
1.0,2046.0,80.0,11844.0,834.0,False,False
46.0,988.0,,9945.0,572.0,False,False
30.0,923.0,50.0,8012.0,264.0,False,False
12.0,1291.0,,2887.0,431.0,False,False
5.0,1668.0,90.0,11248.0,702.0,False,False
12.0,1839.0,58.0,16770.0,486.0,False,False
23.0,2090.0,,5062.0,577.0,False,False
0.0,1761.0,84.0,10207.0,578.0,False,False
3.0,1102.0,,5105.0,480.0,False,False
0.0,1419.0,60.0,8089.0,567.0,False,False
2.0,1362.0,61.0,7577.0,460.0,False,False
4.0,848.0,,4426.0,420.0,False,False
13.0,4316.0,104.0,21535.0,832.0,False,False
17.0,2519.0,42.0,26178.0,628.0,False,False
73.0,1539.0,51.0,6120.0,576.0,True,False
19.0,1137.0,54.0,13811.0,551.0,False,False
85.0,616.0,50.0,6000.0,205.0,False,False
54.0,1148.0,57.0,6420.0,308.0,False,False
45.0,894.0,65.0,8450.0,336.0,True,False
4.0,1391.0,59.0,4282.0,530.0,False,False
4.0,1800.0,85.0,14331.0,765.0,False,False
37.0,1164.0,80.0,9600.0,528.0,False,False
0.0,2576.0,82.0,12438.0,666.0,False,False
110.0,1812.0,76.0,7630.0,672.0,True,False
6.0,1484.0,70.0,8400.0,606.0,False,False
80.0,1092.0,70.0,5600.0,0.0,False,False
36.0,1824.0,,115149.0,739.0,False,False
3.0,1324.0,48.0,6240.0,550.0,False,False
0.0,1456.0,65.0,9018.0,400.0,False,False
73.0,729.0,56.0,4130.0,0.0,False,False
20.0,1228.0,40.0,4671.0,472.0,False,False
36.0,960.0,60.0,9873.0,576.0,False,False
34.0,1479.0,,13517.0,475.0,False,False
35.0,1350.0,78.0,10140.0,478.0,True,False
117.0,2554.0,60.0,10800.0,704.0,False,False
35.0,1178.0,80.0,10000.0,439.0,True,False
15.0,2418.0,96.0,10542.0,983.0,False,False
37.0,971.0,69.0,9920.0,300.0,False,False
21.0,1742.0,,6563.0,564.0,False,False
6.0,848.0,,4426.0,420.0,False,False
39.0,864.0,70.0,8120.0,463.0,False,False
54.0,1470.0,60.0,8172.0,548.0,False,False
2.0,1698.0,86.0,13286.0,768.0,False,False
39.0,864.0,60.0,6960.0,660.0,False,False
21.0,1680.0,,21695.0,540.0,False,False
2.0,1232.0,64.0,7314.0,632.0,False,False
84.0,1208.0,52.0,6240.0,539.0,False,False
15.0,1616.0,39.0,5389.0,608.0,False,False
4.0,1146.0,73.0,9590.0,438.0,False,False
10.0,2031.0,75.0,11404.0,541.0,False,False
48.0,1144.0,80.0,10000.0,264.0,True,False
92.0,1768.0,60.0,10800.0,320.0,False,False
56.0,1040.0,60.0,8544.0,400.0,False,False
1.0,1801.0,72.0,10463.0,800.0,False,False
22.0,1200.0,60.0,10800.0,0.0,False,False
5.0,1728.0,65.0,9313.0,572.0,False,False
47.0,912.0,65.0,6768.0,288.0,True,False
7.0,1349.0,65.0,8450.0,539.0,True,False
46.0,1464.0,70.0,12886.0,480.0,False,False
15.0,1337.0,41.0,5395.0,462.0,False,False
32.0,2715.0,,8963.0,831.0,False,False
9.0,2256.0,,8795.0,554.0,False,False
129.0,2640.0,65.0,11700.0,864.0,False,False
14.0,1720.0,59.0,10593.0,527.0,False,False
64.0,1529.0,50.0,8405.0,240.0,False,False
100.0,1140.0,55.0,8800.0,0.0,False,False
4.0,1320.0,,7750.0,400.0,False,False
9.0,1494.0,79.0,9236.0,576.0,False,False
1.0,2098.0,80.0,10240.0,878.0,False,False
40.0,1026.0,61.0,7930.0,440.0,False,False
10.0,1471.0,34.0,3230.0,440.0,False,False
2.0,1768.0,68.0,10769.0,578.0,False,False
9.0,1501.0,24.0,2280.0,440.0,False,False
12.0,2531.0,65.0,12257.0,752.0,False,False
50.0,864.0,70.0,9100.0,300.0,False,False
85.0,1301.0,60.0,6911.0,440.0,False,False
1.0,1547.0,72.0,8640.0,614.0,False,False
10.0,2365.0,82.0,9430.0,856.0,False,False
11.0,1494.0,30.0,9549.0,481.0,False,False
0.0,1506.0,75.0,14587.0,592.0,False,False
22.0,1714.0,80.0,10421.0,496.0,True,False
68.0,1750.0,75.0,12508.0,423.0,False,False
2.0,1836.0,70.0,9100.0,484.0,False,False
7.0,3279.0,47.0,53504.0,841.0,False,False
27.0,858.0,,7252.0,576.0,False,False
55.0,1220.0,67.0,8877.0,396.0,False,False
49.0,912.0,70.0,10150.0,275.0,False,False
1.0,1973.0,110.0,14226.0,895.0,False,False
11.0,1204.0,32.0,4500.0,412.0,False,False
1.0,1614.0,86.0,11210.0,865.0,False,False
32.0,894.0,100.0,13350.0,440.0,True,False
30.0,2020.0,60.0,8400.0,630.0,False,False
29.0,1004.0,78.0,10530.0,504.0,False,False
12.0,1253.0,63.0,7875.0,402.0,False,False
14.0,1603.0,65.0,7153.0,484.0,False,False
8.0,1430.0,67.0,16285.0,605.0,False,False
31.0,1110.0,,9101.0,602.0,False,False
94.0,1484.0,35.0,6300.0,0.0,False,False
42.0,1342.0,,9790.0,457.0,False,False
95.0,1652.0,60.0,10800.0,416.0,False,False
6.0,2084.0,76.0,10142.0,618.0,False,False
54.0,901.0,50.0,6000.0,281.0,False,False
41.0,2087.0,,12205.0,444.0,False,False
4.0,1145.0,43.0,3182.0,397.0,False,False
31.0,1062.0,,11333.0,539.0,False,False
11.0,2013.0,92.0,9920.0,455.0,False,False
0.0,1496.0,76.0,9158.0,474.0,False,False
14.0,1895.0,,10832.0,409.0,False,False
30.0,1564.0,70.0,8400.0,476.0,True,False
30.0,1285.0,71.0,8197.0,528.0,True,False
1.0,3140.0,104.0,13518.0,820.0,False,False
70.0,1768.0,60.0,7200.0,240.0,True,False
11.0,1688.0,79.0,12798.0,603.0,False,False
91.0,1196.0,40.0,4800.0,440.0,False,False
3.0,1456.0,63.0,8199.0,410.0,False,False
1.0,2822.0,107.0,13891.0,1020.0,False,False
0.0,1428.0,91.0,12274.0,554.0,False,False
39.0,980.0,75.0,9750.0,384.0,False,False
86.0,1576.0,144.0,21384.0,528.0,False,False
40.0,1086.0,85.0,13400.0,484.0,True,False
111.0,2138.0,90.0,8100.0,360.0,True,False
32.0,1309.0,78.0,10140.0,484.0,True,True
4.0,848.0,,4438.0,420.0,False,False
49.0,1442.0,75.0,9750.0,301.0,False,False
88.0,1250.0,45.0,8248.0,280.0,False,False
12.0,1661.0,48.0,12137.0,598.0,False,False
52.0,1008.0,,11425.0,275.0,False,False
6.0,1689.0,,13265.0,857.0,False,False
39.0,1052.0,80.0,8816.0,440.0,True,False
1.0,1358.0,44.0,6371.0,484.0,False,False
5.0,1640.0,72.0,7226.0,595.0,False,False
56.0,936.0,60.0,6000.0,576.0,False,False
69.0,1489.0,60.0,9900.0,240.0,True,False
0.0,1489.0,81.0,11216.0,776.0,False,False
1.0,2084.0,114.0,14803.0,1220.0,False,False
84.0,784.0,50.0,6130.0,0.0,False,False
8.0,1434.0,65.0,8529.0,527.0,False,False
1.0,1223.0,24.0,2544.0,480.0,False,False
51.0,1392.0,80.0,11900.0,458.0,False,False
1.0,1200.0,30.0,3180.0,480.0,False,False
7.0,1829.0,44.0,9548.0,613.0,False,False
45.0,1516.0,100.0,10004.0,472.0,False,False
47.0,1144.0,75.0,7875.0,456.0,True,False
60.0,1067.0,60.0,9600.0,436.0,False,False
59.0,1559.0,90.0,8100.0,812.0,True,False
35.0,987.0,21.0,1680.0,264.0,False,False
13.0,1099.0,75.0,9525.0,352.0,False,False
62.0,1200.0,70.0,11767.0,240.0,False,False
83.0,1482.0,,12155.0,400.0,False,False
104.0,1539.0,60.0,10440.0,686.0,False,False
42.0,1165.0,82.0,9020.0,490.0,True,False
46.0,1800.0,80.0,8000.0,0.0,False,False
93.0,1416.0,100.0,12665.0,720.0,False,False
32.0,1701.0,,16647.0,611.0,False,False
16.0,1775.0,75.0,9317.0,425.0,False,False
37.0,864.0,36.0,15523.0,338.0,False,False
100.0,2358.0,75.0,45600.0,360.0,False,False
31.0,1855.0,80.0,9600.0,512.0,False,False
4.0,848.0,36.0,4435.0,420.0,False,False
3.0,1456.0,,3196.0,400.0,False,False
66.0,1646.0,53.0,7128.0,240.0,True,False
45.0,1445.0,,12095.0,645.0,True,False
48.0,1040.0,,6897.0,260.0,False,False
30.0,1026.0,,10970.0,576.0,True,False
15.0,1481.0,65.0,8125.0,343.0,False,False
38.0,2654.0,,11029.0,619.0,False,False
89.0,1426.0,55.0,7642.0,216.0,True,False
45.0,1039.0,75.0,11625.0,504.0,False,False
26.0,1097.0,81.0,9672.0,480.0,True,False
50.0,1148.0,70.0,7931.0,672.0,True,False
1.0,1372.0,72.0,8640.0,529.0,False,False
39.0,1002.0,,8750.0,902.0,True,False
1.0,1646.0,67.0,10656.0,870.0,False,False
46.0,1120.0,85.0,6970.0,544.0,False,False
58.0,2320.0,,14762.0,672.0,False,False
17.0,1949.0,80.0,9938.0,574.0,True,False
47.0,894.0,60.0,6600.0,308.0,False,False
12.0,1682.0,70.0,8750.0,523.0,False,False
55.0,910.0,74.0,8892.0,414.0,True,False
60.0,1268.0,60.0,12144.0,288.0,False,False
0.0,2610.0,75.0,9000.0,550.0,False,False
44.0,1040.0,94.0,25286.0,648.0,False,False
5.0,2224.0,74.0,8834.0,738.0,False,False
49.0,1155.0,88.0,11782.0,576.0,True,False
31.0,864.0,,7000.0,336.0,True,False
2.0,1090.0,60.0,7024.0,450.0,False,False
17.0,1717.0,44.0,13758.0,400.0,False,False
17.0,1593.0,,9636.0,389.0,True,False
94.0,2230.0,60.0,6204.0,440.0,False,False
42.0,892.0,65.0,7150.0,288.0,True,False
53.0,1393.0,59.0,16466.0,300.0,False,False
37.0,2217.0,95.0,15865.0,621.0,False,False
56.0,1505.0,128.0,12160.0,505.0,False,False
58.0,924.0,60.0,8064.0,576.0,True,False
31.0,1683.0,70.0,11184.0,440.0,False,False
43.0,1068.0,70.0,8414.0,264.0,True,False
54.0,1383.0,,13284.0,354.0,True,False
30.0,1535.0,64.0,7018.0,400.0,False,False
45.0,1796.0,71.0,7056.0,483.0,False,False
30.0,2240.0,64.0,7018.0,528.0,False,False
1.0,2364.0,100.0,12919.0,820.0,False,False
45.0,1236.0,65.0,6993.0,288.0,False,False
36.0,858.0,,7340.0,684.0,False,False
52.0,1306.0,64.0,8712.0,756.0,False,False
3.0,1509.0,63.0,7875.0,393.0,False,False
0.0,1670.0,50.0,14859.0,690.0,False,False
40.0,902.0,,6173.0,288.0,True,False
56.0,1063.0,80.0,9920.0,280.0,True,False
1.0,1636.0,116.0,13501.0,865.0,False,False
70.0,2057.0,86.0,11500.0,180.0,False,False
23.0,902.0,,8885.0,484.0,True,False
4.0,1484.0,149.0,12589.0,390.0,False,False
50.0,2274.0,80.0,11600.0,480.0,False,False
32.0,1268.0,,9286.0,252.0,False,False
58.0,2002.0,82.0,6270.0,871.0,False,False
0.0,1224.0,30.0,3000.0,528.0,False,False
37.0,1092.0,21.0,2001.0,286.0,False,False
53.0,1229.0,,17140.0,284.0,False,False
16.0,2127.0,103.0,13125.0,833.0,True,False
50.0,1414.0,87.0,11029.0,601.0,False,False
13.0,1721.0,70.0,8462.0,471.0,False,False
108.0,2200.0,67.0,8777.0,0.0,True,False
1.0,1316.0,65.0,10237.0,397.0,False,False
15.0,1617.0,50.0,8012.0,533.0,False,False
26.0,1686.0,79.0,10240.0,612.0,False,False
4.0,2374.0,93.0,11999.0,656.0,False,False
40.0,1978.0,,9900.0,486.0,True,False
8.0,1788.0,,11838.0,522.0,False,False
9.0,2236.0,,13006.0,642.0,False,False
2.0,1466.0,73.0,8925.0,610.0,False,False
44.0,925.0,70.0,9100.0,429.0,True,False
1.0,1905.0,84.0,11670.0,788.0,False,False
5.0,1500.0,63.0,8487.0,570.0,False,False
48.0,2069.0,313.0,27650.0,505.0,False,False
80.0,747.0,52.0,5825.0,528.0,False,False
6.0,1200.0,67.0,10083.0,555.0,False,False
4.0,1971.0,75.0,9675.0,689.0,False,False
0.0,1962.0,73.0,8760.0,868.0,False,False
70.0,2403.0,,24090.0,349.0,False,False
30.0,1728.0,55.0,12640.0,574.0,False,False
10.0,2060.0,,8755.0,390.0,True,False
40.0,1632.0,100.0,25000.0,576.0,False,False
119.0,1869.0,98.0,8820.0,456.0,True,False
47.0,1144.0,70.0,8163.0,796.0,False,False
5.0,1629.0,85.0,14536.0,808.0,False,False
4.0,1776.0,65.0,14006.0,474.0,False,False
38.0,1381.0,78.0,9360.0,676.0,False,False
57.0,864.0,60.0,7200.0,720.0,False,False
37.0,768.0,60.0,7200.0,396.0,True,False
39.0,1968.0,,11075.0,530.0,True,False
31.0,980.0,35.0,9400.0,0.0,False,False
61.0,1958.0,82.0,7136.0,492.0,False,False
29.0,1229.0,24.0,1300.0,462.0,True,False
45.0,1057.0,70.0,7420.0,576.0,False,False
4.0,1337.0,65.0,8450.0,531.0,False,False
11.0,1416.0,24.0,2572.0,484.0,False,False
52.0,858.0,50.0,7207.0,0.0,False,False
31.0,2872.0,,12227.0,619.0,False,False
31.0,1548.0,24.0,2308.0,440.0,False,False
2.0,1800.0,122.0,11923.0,702.0,False,False
8.0,1894.0,80.0,11316.0,510.0,False,False
2.0,1484.0,65.0,10237.0,393.0,False,False
69.0,1308.0,130.0,9600.0,256.0,False,False
53.0,1098.0,,7390.0,260.0,False,False
48.0,1095.0,75.0,10382.0,264.0,False,False
6.0,1626.0,36.0,2268.0,474.0,False,False
31.0,918.0,55.0,7892.0,264.0,False,False
1.0,1428.0,95.0,11639.0,480.0,False,False
99.0,2019.0,60.0,11414.0,532.0,True,False
6.0,1382.0,,2651.0,490.0,False,False
83.0,869.0,51.0,5900.0,0.0,False,False
1.0,1241.0,35.0,4274.0,569.0,False,False
46.0,1121.0,80.0,8816.0,480.0,True,False
47.0,999.0,,12122.0,588.0,False,False
11.0,2612.0,98.0,12203.0,676.0,False,False
1.0,1266.0,43.0,3182.0,388.0,False,False
6.0,2290.0,,11250.0,779.0,False,False
32.0,1734.0,75.0,10125.0,539.0,False,False
58.0,1164.0,68.0,10880.0,240.0,False,False
96.0,1635.0,59.0,5310.0,255.0,False,False
1.0,1940.0,83.0,10159.0,606.0,False,False
31.0,2030.0,,12046.0,551.0,False,False
0.0,1576.0,65.0,8125.0,614.0,False,False
9.0,2392.0,82.0,9452.0,870.0,False,False
127.0,1742.0,121.0,17671.0,424.0,False,False
43.0,1851.0,80.0,9760.0,440.0,True,False
1.0,1500.0,68.0,8846.0,564.0,False,False
3.0,1718.0,96.0,12456.0,786.0,False,False
45.0,1050.0,,10659.0,368.0,False,False
39.0,1442.0,,11717.0,615.0,False,False
84.0,1077.0,60.0,9786.0,210.0,False,False
4.0,1208.0,64.0,6762.0,632.0,False,False
57.0,944.0,74.0,10206.0,528.0,False,False
2.0,1574.0,75.0,11957.0,824.0,False,False
31.0,1680.0,,11500.0,528.0,False,False
4.0,1504.0,43.0,3182.0,457.0,False,False
31.0,985.0,65.0,8385.0,328.0,False,False
37.0,1657.0,,12155.0,484.0,False,False
39.0,1092.0,21.0,2217.0,286.0,False,False
5.0,1710.0,43.0,12118.0,550.0,False,False
80.0,1522.0,60.0,6000.0,0.0,False,False
60.0,1271.0,115.0,21286.0,312.0,False,False
45.0,1664.0,75.0,9825.0,0.0,False,False
84.0,1502.0,55.0,10592.0,180.0,False,False
99.0,1022.0,60.0,7200.0,280.0,False,False
59.0,1082.0,60.0,11664.0,240.0,False,False
8.0,1665.0,70.0,8400.0,528.0,False,False
13.0,1504.0,73.0,11883.0,478.0,False,False
16.0,1472.0,,10784.0,402.0,False,False
1.0,1506.0,43.0,3013.0,440.0,False,False
3.0,1132.0,60.0,7024.0,451.0,False,False
0.0,1220.0,64.0,7406.0,632.0,False,False
77.0,1248.0,52.0,9439.0,160.0,False,False
3.0,1504.0,43.0,3182.0,437.0,False,False
35.0,882.0,70.0,7700.0,461.0,True,False
50.0,1264.0,73.0,9300.0,461.0,False,False
1.0,1646.0,71.0,9520.0,800.0,False,False
66.0,1376.0,79.0,9492.0,240.0,False,False
34.0,1218.0,21.0,1680.0,264.0,False,False
90.0,1928.0,,7082.0,0.0,False,False
89.0,3082.0,102.0,15863.0,672.0,False,False
4.0,1654.0,,8125.0,900.0,False,False
69.0,954.0,50.0,6305.0,240.0,True,False
52.0,845.0,,11500.0,290.0,False,False
2.0,1620.0,89.0,12898.0,912.0,False,False
7.0,2263.0,,9240.0,905.0,False,False
39.0,1344.0,21.0,1533.0,0.0,False,False
39.0,630.0,21.0,1477.0,286.0,False,False
49.0,1803.0,88.0,13125.0,484.0,True,False
42.0,1632.0,,9130.0,484.0,False,False
4.0,1306.0,34.0,5381.0,624.0,False,False
18.0,2329.0,86.0,11839.0,514.0,False,False
28.0,2524.0,80.0,9600.0,542.0,True,False
54.0,1733.0,,13680.0,452.0,False,False
1.0,2868.0,85.0,16056.0,716.0,False,False
14.0,990.0,57.0,9245.0,672.0,False,False
49.0,1771.0,100.0,21750.0,336.0,True,False
0.0,1302.0,73.0,8993.0,436.0,False,False
0.0,1316.0,103.0,11175.0,440.0,False,False
43.0,1977.0,100.0,9500.0,540.0,True,False
53.0,1526.0,68.0,8562.0,364.0,False,False
4.0,1989.0,90.0,11367.0,586.0,False,False
1.0,1364.0,43.0,7052.0,484.0,False,False
15.0,1850.0,,29959.0,467.0,False,False
1.0,2184.0,96.0,11308.0,836.0,False,False
75.0,1991.0,,11275.0,432.0,False,False
9.0,1338.0,41.0,4920.0,582.0,False,False
107.0,2337.0,85.0,13600.0,560.0,False,False
81.0,1103.0,50.0,6000.0,440.0,True,False
43.0,1154.0,,11000.0,480.0,True,False
14.0,2260.0,80.0,14000.0,533.0,False,False
16.0,1571.0,59.0,7837.0,380.0,False,False
44.0,1611.0,80.0,9760.0,442.0,False,False
33.0,2521.0,42.0,3964.0,576.0,True,False
58.0,893.0,60.0,9600.0,576.0,False,False
51.0,1048.0,72.0,10152.0,286.0,False,False
41.0,1556.0,78.0,11700.0,441.0,False,False
58.0,1456.0,50.0,7585.0,280.0,False,False
32.0,1426.0,75.0,7950.0,440.0,True,False
1.0,1240.0,74.0,8556.0,826.0,False,False
67.0,1740.0,75.0,13125.0,240.0,False,False
70.0,1466.0,60.0,10800.0,566.0,False,False
2.0,848.0,37.0,4435.0,420.0,False,False
13.0,990.0,65.0,8775.0,299.0,False,False
47.0,1040.0,75.0,7500.0,308.0,True,False
5.0,1459.0,70.0,8749.0,527.0,False,False
42.0,1251.0,80.0,8800.0,461.0,True,False
11.0,1498.0,,13031.0,409.0,False,False
18.0,996.0,73.0,9069.0,564.0,False,False
37.0,1092.0,,1974.0,286.0,False,False
4.0,1953.0,85.0,10574.0,1043.0,False,False
2.0,1709.0,24.0,2522.0,380.0,False,False
1.0,1247.0,37.0,3316.0,550.0,False,False
59.0,1040.0,60.0,8544.0,400.0,False,False
9.0,1252.0,24.0,2160.0,462.0,False,False
83.0,1694.0,60.0,8400.0,576.0,False,False
41.0,1200.0,71.0,9230.0,884.0,True,False
54.0,936.0,74.0,5868.0,308.0,False,False
1.0,1314.0,78.0,9317.0,440.0,False,False
93.0,1355.0,60.0,6882.0,0.0,False,False
21.0,1088.0,,3696.0,461.0,False,False
73.0,1324.0,50.0,6000.0,240.0,False,False
89.0,438.0,60.0,8400.0,246.0,False,False
36.0,950.0,61.0,9758.0,280.0,False,False
47.0,1194.0,79.0,8910.0,539.0,False,False
37.0,1302.0,24.0,2016.0,440.0,False,False
16.0,2622.0,98.0,12256.0,712.0,False,False
17.0,1442.0,114.0,10357.0,719.0,False,False
0.0,2021.0,168.0,23257.0,422.0,False,False
5.0,1836.0,107.0,11362.0,862.0,False,False
13.0,1658.0,,8000.0,431.0,False,False
32.0,1964.0,80.0,10480.0,483.0,False,False
49.0,816.0,73.0,7100.0,308.0,False,False
54.0,1008.0,66.0,8923.0,240.0,False,False
52.0,833.0,90.0,5400.0,326.0,True,False
0.0,1734.0,93.0,12085.0,928.0,False,False
7.0,1419.0,,7750.0,527.0,False,False
41.0,894.0,57.0,9764.0,450.0,False,False
50.0,1601.0,85.0,13825.0,300.0,False,False
47.0,1040.0,70.0,7560.0,286.0,True,False
87.0,1012.0,59.0,8263.0,308.0,True,False
1.0,1552.0,84.0,10084.0,782.0,False,False
62.0,698.0,50.0,9405.0,0.0,False,False
15.0,1482.0,,9125.0,392.0,False,False
54.0,1005.0,60.0,10434.0,672.0,False,False
2.0,1555.0,53.0,3684.0,660.0,False,False
3.0,1959.0,59.0,11796.0,434.0,False,False
27.0,936.0,60.0,7200.0,672.0,False,False
81.0,1981.0,65.0,7804.0,576.0,True,False
127.0,2210.0,90.0,9900.0,205.0,False,False
14.0,2020.0,80.0,9828.0,466.0,False,False
10.0,1600.0,57.0,8773.0,460.0,False,False
81.0,986.0,60.0,6180.0,180.0,False,False
135.0,1020.0,54.0,6342.0,0.0,False,False
32.0,1567.0,,9819.0,714.0,False,False
87.0,1167.0,98.0,8731.0,495.0,False,False
33.0,1868.0,,10304.0,484.0,False,False
1.0,2828.0,77.0,9965.0,1052.0,False,False
49.0,1006.0,,9000.0,0.0,False,False
69.0,924.0,60.0,12180.0,280.0,True,False
21.0,1298.0,,11200.0,403.0,False,False
68.0,1564.0,75.0,12000.0,234.0,False,False
82.0,1111.0,,5700.0,288.0,False,False
89.0,1482.0,50.0,9000.0,324.0,False,False
57.0,932.0,57.0,8280.0,306.0,True,False
47.0,1466.0,134.0,17755.0,528.0,False,False
78.0,816.0,,5890.0,432.0,False,False
43.0,1820.0,,13700.0,492.0,True,False
31.0,1437.0,90.0,10768.0,528.0,False,False
43.0,1265.0,85.0,9350.0,502.0,True,False
2.0,1314.0,34.0,5001.0,626.0,False,False
1.0,1580.0,92.0,11932.0,830.0,False,False
34.0,1876.0,76.0,9120.0,540.0,False,False
32.0,1456.0,24.0,2280.0,440.0,False,False
54.0,1640.0,,14778.0,924.0,False,False
39.0,894.0,109.0,8724.0,450.0,False,False
39.0,1258.0,60.0,12900.0,400.0,False,False
29.0,1432.0,,16157.0,588.0,False,False
0.0,1502.0,79.0,9541.0,644.0,False,False
2.0,1694.0,64.0,10475.0,776.0,False,False
6.0,1671.0,58.0,10852.0,472.0,False,False
73.0,2108.0,120.0,13728.0,540.0,False,False
11.0,3627.0,118.0,35760.0,807.0,False,False
31.0,1118.0,76.0,9880.0,358.0,True,True
50.0,1261.0,76.0,9120.0,433.0,False,False
2.0,1250.0,35.0,4017.0,625.0,False,False
61.0,3086.0,138.0,18030.0,0.0,True,False
74.0,2345.0,80.0,16560.0,360.0,False,False
15.0,2872.0,85.0,10678.0,541.0,False,False
24.0,923.0,37.0,6951.0,264.0,True,False
83.0,1224.0,,3950.0,210.0,False,False
88.0,1343.0,54.0,7681.0,186.0,False,False
52.0,1124.0,77.0,8335.0,0.0,False,False
16.0,2514.0,,11170.0,693.0,True,False
0.0,1652.0,64.0,5587.0,482.0,False,False
86.0,1130.0,60.0,10800.0,720.0,False,False
44.0,1572.0,50.0,35133.0,995.0,False,False
82.0,1221.0,60.0,9738.0,392.0,False,False
12.0,1624.0,89.0,12461.0,757.0,True,False
7.0,1660.0,68.0,8935.0,493.0,False,False
11.0,1804.0,60.0,7500.0,442.0,False,False
46.0,1622.0,,32463.0,1356.0,False,False
8.0,1441.0,24.0,2645.0,492.0,False,False
82.0,1472.0,60.0,9600.0,250.0,True,False
10.0,1224.0,,4500.0,402.0,False,False
41.0,1352.0,80.0,9364.0,299.0,True,False
3.0,1456.0,51.0,8029.0,400.0,False,False
0.0,1863.0,58.0,14054.0,660.0,False,False
90.0,1690.0,65.0,8850.0,225.0,False,False
8.0,1212.0,70.0,9100.0,573.0,False,False
43.0,1382.0,75.0,11235.0,459.0,False,False
11.0,1779.0,80.0,10400.0,546.0,False,False
84.0,1348.0,50.0,6000.0,216.0,False,False
9.0,1630.0,75.0,9750.0,451.0,False,False
31.0,1074.0,78.0,10140.0,495.0,True,False
19.0,2196.0,90.0,14684.0,701.0,False,False
40.0,1056.0,,8900.0,384.0,True,False
3.0,1700.0,70.0,9135.0,544.0,False,False
46.0,1283.0,70.0,7763.0,506.0,False,False
0.0,1660.0,85.0,10182.0,500.0,False,False
18.0,1845.0,70.0,11218.0,462.0,True,False
22.0,1752.0,152.0,12134.0,492.0,False,False
68.0,672.0,50.0,9340.0,234.0,False,False
41.0,960.0,,10246.0,364.0,False,False
44.0,999.0,69.0,10205.0,300.0,False,False
41.0,894.0,99.0,7094.0,384.0,True,False
32.0,1902.0,68.0,8930.0,539.0,False,False
0.0,1314.0,72.0,8640.0,552.0,False,False
59.0,912.0,52.0,6240.0,0.0,False,False
40.0,1211.0,55.0,8250.0,322.0,False,False
58.0,1846.0,78.0,10496.0,315.0,True,False
55.0,2136.0,89.0,10680.0,528.0,True,False
4.0,1490.0,60.0,15384.0,388.0,False,False
49.0,1138.0,65.0,10482.0,264.0,True,False
1.0,1933.0,86.0,14598.0,668.0,False,False
43.0,912.0,72.0,8872.0,576.0,False,False
0.0,1702.0,65.0,8769.0,1052.0,False,False
48.0,1507.0,70.0,7910.0,404.0,True,False
30.0,2620.0,,18890.0,600.0,False,False
44.0,1190.0,70.0,7728.0,540.0,True,False
45.0,1224.0,70.0,9842.0,462.0,False,False
92.0,1784.0,96.0,13132.0,180.0,False,False
7.0,1626.0,36.0,2628.0,474.0,False,False
2.0,1948.0,41.0,12393.0,434.0,False,False
1.0,1484.0,64.0,9037.0,472.0,False,False
5.0,1768.0,65.0,8158.0,543.0,False,False
0.0,1689.0,83.0,9849.0,954.0,False,False
0.0,2076.0,107.0,13891.0,850.0,False,False
77.0,1517.0,,11435.0,400.0,False,False
1.0,1553.0,65.0,8125.0,615.0,False,False
34.0,1034.0,,12328.0,888.0,False,False
91.0,2058.0,60.0,9600.0,396.0,False,False
57.0,988.0,60.0,7200.0,276.0,False,False
42.0,2110.0,93.0,11160.0,522.0,False,False
3.0,1405.0,,3136.0,478.0,False,False
41.0,874.0,62.0,9858.0,288.0,True,False
33.0,2167.0,,17542.0,518.0,True,False
5.0,1656.0,60.0,6931.0,397.0,False,False
76.0,1367.0,52.0,6240.0,560.0,False,False
14.0,1987.0,91.0,14303.0,691.0,False,False
87.0,864.0,56.0,4060.0,0.0,False,False
3.0,1166.0,59.0,9587.0,400.0,False,False
39.0,1054.0,65.0,9750.0,460.0,False,False
10.0,1675.0,,24682.0,502.0,False,False
53.0,1050.0,80.0,9600.0,338.0,False,False
52.0,1788.0,,11250.0,304.0,False,False
88.0,1824.0,60.0,13515.0,520.0,True,False
7.0,1452.0,35.0,3735.0,506.0,False,False
97.0,1889.0,60.0,10120.0,308.0,True,False
2.0,2018.0,89.0,13214.0,746.0,False,False
73.0,3447.0,,14100.0,1014.0,True,False
49.0,1524.0,78.0,11344.0,315.0,True,False
31.0,1524.0,,23595.0,586.0,False,False
41.0,1489.0,,9156.0,462.0,False,False
41.0,935.0,,13526.0,288.0,True,False
49.0,1357.0,124.0,11512.0,312.0,True,False
97.0,1250.0,53.0,5362.0,552.0,False,False
59.0,1920.0,95.0,11345.0,400.0,False,False
37.0,1395.0,,12936.0,497.0,False,False
42.0,1724.0,,17871.0,480.0,False,False
6.0,2031.0,75.0,9473.0,577.0,False,False
7.0,1573.0,67.0,9808.0,544.0,False,False
16.0,1339.0,50.0,8049.0,484.0,False,False
32.0,1040.0,61.0,8800.0,484.0,False,False
39.0,1824.0,94.0,9400.0,0.0,False,False
91.0,2447.0,50.0,9638.0,336.0,False,False
70.0,1412.0,50.0,6000.0,280.0,False,False
47.0,1328.0,,9790.0,528.0,False,False
42.0,1582.0,,36500.0,390.0,False,False
9.0,1659.0,40.0,5664.0,499.0,False,False
0.0,1970.0,86.0,11065.0,753.0,False,False
46.0,1152.0,,14112.0,484.0,False,False
37.0,1302.0,21.0,1680.0,264.0,False,False
117.0,2372.0,60.0,6600.0,432.0,False,False
30.0,1664.0,78.0,10140.0,528.0,True,False
51.0,864.0,60.0,8172.0,572.0,False,False
38.0,1052.0,70.0,8400.0,288.0,True,False
45.0,1128.0,80.0,8700.0,525.0,True,False
1.0,1072.0,35.0,3675.0,525.0,False,False
0.0,5642.0,313.0,63887.0,1418.0,False,True
51.0,1246.0,75.0,7500.0,305.0,True,False
10.0,1983.0,,10762.0,490.0,False,False
67.0,1494.0,,7500.0,213.0,False,False
12.0,2526.0,92.0,10120.0,844.0,False,False
1.0,1616.0,73.0,8688.0,834.0,False,False
2.0,1708.0,32.0,3363.0,380.0,False,False
3.0,1652.0,108.0,13173.0,840.0,False,False
1.0,1368.0,48.0,6955.0,474.0,False,False
15.0,990.0,60.0,8072.0,480.0,False,False
60.0,1122.0,100.0,12000.0,528.0,True,False
17.0,1294.0,,7153.0,496.0,True,False
51.0,1902.0,100.0,17500.0,567.0,False,False
2.0,1274.0,68.0,8814.0,508.0,False,False
17.0,2810.0,,9572.0,750.0,False,False
11.0,2599.0,108.0,14774.0,779.0,False,False
53.0,948.0,60.0,8190.0,280.0,False,False
39.0,2112.0,85.0,11075.0,576.0,False,False
1.0,1630.0,61.0,10226.0,860.0,False,False
1.0,1352.0,47.0,4230.0,466.0,False,False
5.0,1787.0,,14781.0,748.0,False,False
53.0,948.0,75.0,10215.0,248.0,False,False
52.0,1478.0,70.0,8400.0,442.0,False,False
59.0,720.0,,6627.0,287.0,False,False
18.0,1923.0,107.0,10186.0,564.0,False,False
69.0,708.0,50.0,5330.0,0.0,False,False
1.0,1795.0,75.0,9986.0,895.0,False,False
86.0,796.0,40.0,3636.0,0.0,True,False
76.0,774.0,70.0,4270.0,0.0,False,False
26.0,816.0,60.0,6600.0,264.0,True,False
88.0,2792.0,60.0,10440.0,520.0,True,False
8.0,1632.0,63.0,9084.0,462.0,False,False
1.0,1588.0,85.0,10000.0,825.0,False,False
30.0,954.0,55.0,10780.0,576.0,False,False
71.0,816.0,67.0,8877.0,288.0,False,False
68.0,1360.0,60.0,7200.0,297.0,True,False
39.0,1365.0,24.0,2368.0,440.0,False,False
32.0,1334.0,80.0,9650.0,630.0,False,False
35.0,1656.0,87.0,9246.0,506.0,False,False
65.0,693.0,153.0,4118.0,0.0,False,False
4.0,1861.0,95.0,13450.0,492.0,False,False
34.0,864.0,120.0,9560.0,288.0,False,False
36.0,872.0,70.0,8294.0,480.0,True,False
5.0,1114.0,66.0,13695.0,576.0,False,False
5.0,2169.0,,9375.0,647.0,False,False
81.0,1913.0,57.0,7558.0,342.0,False,False
1.0,1456.0,85.0,11103.0,440.0,False,False
87.0,960.0,50.0,6000.0,308.0,False,False
38.0,2156.0,,20781.0,508.0,False,False
1.0,1776.0,93.0,15306.0,712.0,False,False
9.0,1494.0,,16196.0,514.0,False,False
136.0,2358.0,50.0,5250.0,0.0,False,False
40.0,2634.0,91.0,11643.0,968.0,False,False
46.0,1716.0,70.0,9247.0,490.0,False,False
72.0,1176.0,50.0,6000.0,624.0,False,False
15.0,3238.0,56.0,14720.0,666.0,False,False
8.0,1865.0,,10316.0,839.0,False,False
38.0,1920.0,102.0,10192.0,487.0,True,False
42.0,892.0,,9477.0,264.0,True,False
39.0,1078.0,,12537.0,500.0,False,False
10.0,1573.0,,2117.0,440.0,False,False
2.0,1980.0,129.0,16737.0,770.0,False,False
87.0,2601.0,51.0,9842.0,621.0,False,False
4.0,1530.0,124.0,16158.0,430.0,False,False
89.0,1738.0,,12513.0,368.0,False,False
1.0,1412.0,73.0,8499.0,432.0,False,False
10.0,1674.0,,7500.0,663.0,False,False
29.0,1475.0,41.0,2665.0,336.0,False,False
6.0,848.0,,4435.0,420.0,False,False
7.0,1668.0,48.0,10635.0,502.0,False,False
89.0,1374.0,90.0,5400.0,338.0,False,False
53.0,1661.0,80.0,9600.0,377.0,True,False
8.0,2097.0,75.0,9750.0,583.0,False,False
6.0,2633.0,,11400.0,804.0,False,False
3.0,1958.0,85.0,10625.0,936.0,False,False
0.0,1571.0,89.0,10991.0,722.0,False,False
78.0,790.0,52.0,6292.0,160.0,False,False
68.0,1604.0,60.0,10998.0,660.0,False,False
33.0,987.0,21.0,1953.0,264.0,False,False
2.0,1394.0,73.0,9735.0,400.0,False,False
96.0,864.0,45.0,8212.0,200.0,False,False
38.0,2117.0,,12925.0,550.0,False,False
86.0,1762.0,60.0,7200.0,576.0,False,False
89.0,1416.0,,25339.0,576.0,False,False
70.0,1258.0,60.0,9060.0,280.0,True,False
88.0,1154.0,40.0,5436.0,240.0,True,False
28.0,2784.0,80.0,16692.0,564.0,True,True
3.0,1746.0,42.0,14892.0,758.0,False,False
66.0,1218.0,60.0,6000.0,440.0,False,False
6.0,1525.0,70.0,9100.0,541.0,False,False
42.0,1584.0,65.0,8944.0,792.0,False,False
39.0,900.0,68.0,7838.0,288.0,True,False
103.0,1912.0,60.0,10800.0,672.0,False,False
0.0,1500.0,53.0,4045.0,648.0,False,False
2.0,2482.0,88.0,12665.0,642.0,False,False
62.0,1687.0,,57200.0,572.0,False,False
87.0,1513.0,51.0,6120.0,180.0,False,False
59.0,1904.0,60.0,7200.0,240.0,True,False
84.0,1608.0,51.0,6171.0,216.0,True,False
79.0,1158.0,50.0,6000.0,208.0,False,False
4.0,1593.0,62.0,7415.0,398.0,False,False
0.0,1294.0,64.0,6762.0,662.0,False,False
0.0,1464.0,49.0,15256.0,754.0,False,False
4.0,1646.0,44.0,3842.0,482.0,False,False
37.0,768.0,70.0,8445.0,396.0,True,False
24.0,833.0,,8780.0,0.0,True,False
100.0,1363.0,60.0,7740.0,528.0,False,False
22.0,2093.0,46.0,20544.0,542.0,True,False
8.0,1840.0,79.0,12420.0,622.0,False,False
59.0,1668.0,80.0,9600.0,271.0,True,False
60.0,1040.0,60.0,7200.0,420.0,False,False
85.0,1848.0,64.0,13053.0,370.0,False,False
2.0,1569.0,51.0,3635.0,660.0,False,False
125.0,2290.0,60.0,11340.0,560.0,False,False
11.0,2450.0,,16545.0,1069.0,False,False
45.0,1144.0,71.0,9204.0,336.0,False,False
37.0,1844.0,,16381.0,540.0,False,False
38.0,1416.0,90.0,11700.0,776.0,False,False
33.0,1069.0,53.0,4043.0,440.0,False,False
5.0,848.0,37.0,4435.0,420.0,False,False
40.0,2201.0,,19690.0,432.0,True,True
49.0,1344.0,,9503.0,484.0,True,False
49.0,1252.0,80.0,10721.0,528.0,False,False
14.0,2127.0,81.0,10944.0,525.0,False,False
63.0,1558.0,60.0,10930.0,288.0,False,False
26.0,1440.0,,12546.0,467.0,False,False
1.0,1838.0,60.0,21930.0,372.0,False,False
33.0,958.0,,4928.0,440.0,False,False
80.0,968.0,60.0,10800.0,216.0,False,False
8.0,1792.0,93.0,10261.0,451.0,False,False
29.0,1126.0,80.0,17400.0,484.0,False,False
36.0,864.0,60.0,9000.0,528.0,True,False
0.0,1932.0,96.0,12444.0,774.0,False,False
53.0,1236.0,90.0,7407.0,923.0,True,False
28.0,1725.0,80.0,11584.0,550.0,False,False
86.0,2555.0,79.0,11526.0,672.0,False,False
4.0,848.0,,4426.0,420.0,False,False
1.0,2007.0,85.0,11003.0,812.0,False,False
93.0,952.0,,8854.0,192.0,False,False
3.0,1422.0,63.0,8500.0,626.0,False,False
41.0,913.0,70.0,8400.0,240.0,False,False
48.0,1188.0,,26142.0,312.0,False,False
12.0,2090.0,80.0,10000.0,556.0,False,False
97.0,1346.0,70.0,11767.0,384.0,True,False
35.0,1792.0,60.0,9000.0,0.0,False,False
1.0,1578.0,78.0,9262.0,840.0,False,False
1.0,1072.0,35.0,3675.0,525.0,False,False
5.0,1221.0,62.0,7500.0,400.0,False,False
8.0,1647.0,62.0,7917.0,460.0,False,False
32.0,2073.0,85.0,13175.0,500.0,True,False
69.0,2340.0,66.0,9042.0,252.0,True,False
60.0,1078.0,68.0,9717.0,240.0,False,False
43.0,1256.0,75.0,9937.0,276.0,False,False
